issue_date,created_at,amount_due,county,fine_amount,interest_amount,issuing_agency,judgment_entry_date,license_type,payment_amount,penalty_amount,plate,precinct,reduction_amount,state,summons_number,violation,violation_status,violation_time
2025-04-13T08:00:00.000000-0400,2025-04-20T01:53:02.192000-0400,0.0,BK,50.0,0.0,DEPARTMENT OF TRANSPORTATION,,PAS,50.0,0.0,HVV8423,0,0.0,NY,4943625630,PHTO SCHOOL ZN SPEED VIOLATION,,12:06A
2023-10-10T08:00:00.000000-0400,2023-10-16T16:18:20.947000-0400,0.0,BK,50.0,0.0,DEPARTMENT OF TRANSPORTATION,,PAS,50.0,0.0,D92RJR,0,0.0,NJ,4867038659,PHTO SCHOOL ZN SPEED VIOLATION,,07:58A
2024-11-11T10:00:00.000000-0500,2024-11-24T02:42:12.312000-0500,0.0,BX,50.0,0.65,DEPARTMENT OF TRANSPORTATION,2025-02-06T05:00:00.000000-0500,COM,75.65,25.0,65687NB,0,0.0,NY,4925626346,PHTO SCHOOL ZN SPEED VIOLATION,,10:37A
2025-03-15T08:00:00.000000-0400,2025-03-23T01:42:38.057000-0400,0.0,ST,50.0,0.0,DEPARTMENT OF TRANSPORTATION,,SRF,50.0,0.0,STVRBOY,0,0.0,NY,4940448460,PHTO SCHOOL ZN SPEED VIOLATION,,12:30P
2024-07-19T08:00:00.000000-0400,2024-07-28T01:39:35.387000-0400,0.0,ST,50.0,0.0,DEPARTMENT OF TRANSPORTATION,,PAS,50.0,0.0,DSW8707,0,0.0,NY,4908211760,PHTO SCHOOL ZN SPEED VIOLATION,,11:52A
2023-04-22T08:00:00.000000-0400,2023-04-30T01:43:42.393000-0400,0.0,ST,50.0,0.0,DEPARTMENT OF TRANSPORTATION,,PAS,50.0,0.0,G22RXE,0,0.0,NJ,4837475190,PHTO SCHOOL ZN SPEED VIOLATION,,07:14A
2024-08-03T08:00:00.000000-0400,2024-08-11T01:35:40.742000-0400,0.0,MN,50.0,0.0,DEPARTMENT OF TRANSPORTATION,,PAS,50.0,0.0,LKA1726,0,0.0,NY,4910820012,PHTO SCHOOL ZN SPEED VIOLATION,,02:04P
2023-07-05T08:00:00.000000-0400,2023-07-17T13:20:29.469000-0400,0.0,QN,50.0,0.0,DEPARTMENT OF TRANSPORTATION,,PAS,0.0,0.0,KHF4982,0,50.0,NY,4850063597,PHTO SCHOOL ZN SPEED VIOLATION,,05:28P
2025-08-27T08:00:00.000000-0400,2025-09-07T01:45:19.540000-0400,75.0,QN,50.0,0.0,DEPARTMENT OF TRANSPORTATION,,PAS,0.0,25.0,86608HM,0,0.0,VA,4962595970,PHTO SCHOOL ZN SPEED VIOLATION,,03:05P
2024-06-24T08:00:00.000000-0400,2024-06-30T01:35:42.301000-0400,0.0,BK,50.0,0.0,DEPARTMENT OF TRANSPORTATION,,PAS,75.0,25.0,LBF2596,0,0.0,NY,4903839709,PHTO SCHOOL ZN SPEED VIOLATION,,01:35P
2025-05-24T08:00:00.000000-0400,2025-06-08T01:38:44.962000-0400,0.0,ST,50.0,0.0,DEPARTMENT OF TRANSPORTATION,,PAS,50.0,0.0,HWT6308,0,0.0,NY,4949380825,PHTO SCHOOL ZN SPEED VIOLATION,,11:34A
2024-10-16T08:00:00.000000-0400,2024-10-27T01:53:44.900000-0400,0.0,MN,50.0,0.0,DEPARTMENT OF TRANSPORTATION,,PAS,50.0,0.0,KHL8788,0,0.0,NY,4922283560,PHTO SCHOOL ZN SPEED VIOLATION,,02:56P
2023-02-24T10:00:00.000000-0500,2023-03-05T02:30:55.429000-0500,0.0,QN,50.0,0.0,DEPARTMENT OF TRANSPORTATION,,OMS,50.0,0.0,KUH1027,0,0.0,NY,4828920146,PHTO SCHOOL ZN SPEED VIOLATION,,07:39P
2023-12-31T10:00:00.000000-0500,2024-01-16T16:02:48.918000-0500,0.0,MN,50.0,0.0,DEPARTMENT OF TRANSPORTATION,,PAS,75.0,25.0,EHD6800,0,0.0,NY,4879910867,PHTO SCHOOL ZN SPEED VIOLATION,,08:55A
2024-06-09T08:00:00.000000-0400,2024-06-23T01:35:49.876000-0400,0.0,QN,50.0,0.0,DEPARTMENT OF TRANSPORTATION,,PAS,75.0,25.0,KYR7062,0,0.0,NY,4901756175,PHTO SCHOOL ZN SPEED VIOLATION,,04:26A
2023-07-10T08:00:00.000000-0400,2023-07-17T13:20:29.469000-0400,0.0,BK,50.0,0.0,DEPARTMENT OF TRANSPORTATION,,PAS,50.0,0.0,HFH2465,0,0.0,NY,4850841594,PHTO SCHOOL ZN SPEED VIOLATION,,01:11P
2023-02-06T10:00:00.000000-0500,2023-02-15T19:08:50.650000-0500,75.0,QN,50.0,0.0,DEPARTMENT OF TRANSPORTATION,,PAS,0.0,25.0,JPB5740,0,0.0,NY,4825986353,PHTO SCHOOL ZN SPEED VIOLATION,,09:16P
2024-07-07T08:00:00.000000-0400,2024-07-22T19:30:42.522000-0400,0.0,QN,50.0,0.0,DEPARTMENT OF TRANSPORTATION,,SRF,50.0,0.0,DOVISDOV,0,0.0,NY,4906460148,PHTO SCHOOL ZN SPEED VIOLATION,,12:01P
2024-03-17T08:00:00.000000-0400,2024-03-31T01:32:14.971000-0400,0.0,ST,50.0,0.0,DEPARTMENT OF TRANSPORTATION,,PAS,50.0,0.0,JJG6656,0,0.0,NY,4889667271,PHTO SCHOOL ZN SPEED VIOLATION,,12:03P
2023-05-24T08:00:00.000000-0400,2023-06-04T01:34:52.072000-0400,0.0,BK,50.0,0.5,DEPARTMENT OF TRANSPORTATION,,PAS,75.43,25.0,KMM8691,0,0.07,NY,4843032463,PHTO SCHOOL ZN SPEED VIOLATION,,06:43P
2025-06-12T08:00:00.000000-0400,2025-06-22T01:38:07.922000-0400,76.34,ST,50.0,1.34,DEPARTMENT OF TRANSPORTATION,2025-09-04T04:00:00.000000-0400,PAS,0.0,25.0,HUW5357,0,0.0,NY,4951406305,PHTO SCHOOL ZN SPEED VIOLATION,,04:25P
2024-09-15T08:00:00.000000-0400,2024-09-29T01:37:25.774000-0400,0.0,BX,50.0,0.11,DEPARTMENT OF TRANSPORTATION,2024-12-12T05:00:00.000000-0500,PAS,75.04,25.0,JRD5837,0,0.07,NY,4918077705,PHTO SCHOOL ZN SPEED VIOLATION,,04:34P
2024-05-21T08:00:00.000000-0400,2024-06-02T01:46:27.725000-0400,0.0,BK,50.0,0.0,DEPARTMENT OF TRANSPORTATION,,PAS,50.0,0.0,JEA3135,0,0.0,NY,4898623244,PHTO SCHOOL ZN SPEED VIOLATION,,12:52P
2025-04-13T08:00:00.000000-0400,2025-04-20T01:53:02.192000-0400,0.0,MN,50.0,0.0,DEPARTMENT OF TRANSPORTATION,,PAS,50.0,0.0,AYA6428,0,0.0,NY,4943860291,PHTO SCHOOL ZN SPEED VIOLATION,,09:41A
2023-05-09T08:00:00.000000-0400,2023-05-21T01:39:39.307000-0400,90.64,QN,50.0,15.64,DEPARTMENT OF TRANSPORTATION,2023-08-03T04:00:00.000000-0400,PAS,0.0,25.0,SMT2631,0,0.0,TX,4840131855,PHTO SCHOOL ZN SPEED VIOLATION,,07:08A
2024-01-31T10:00:00.000000-0500,2024-02-12T15:50:03.708000-0500,0.0,QN,50.0,0.0,DEPARTMENT OF TRANSPORTATION,,ORG,50.0,0.0,617MCV,0,0.0,NY,4883444120,PHTO SCHOOL ZN SPEED VIOLATION,,07:02A
2025-09-17T08:00:00.000000-0400,2025-09-28T01:47:19.607000-0400,0.0,QN,50.0,0.0,DEPARTMENT OF TRANSPORTATION,,PAS,50.0,0.0,KZU4457,0,0.0,NY,4965132427,PHTO SCHOOL ZN SPEED VIOLATION,,03:33P
2024-05-17T08:00:00.000000-0400,2024-05-26T01:35:17.664000-0400,0.0,BK,50.0,0.0,DEPARTMENT OF TRANSPORTATION,,OMS,50.0,0.0,JLD3674,0,0.0,NY,4898307000,PHTO SCHOOL ZN SPEED VIOLATION,,12:31P
2025-06-23T08:00:00.000000-0400,2025-06-29T01:44:08.326000-0400,0.0,ST,50.0,0.0,DEPARTMENT OF TRANSPORTATION,,PAS,50.0,0.0,L82RFC,0,0.0,NJ,4952804434,PHTO SCHOOL ZN SPEED VIOLATION,,08:49A
2023-03-13T08:00:00.000000-0400,2023-03-19T01:32:05.623000-0400,0.0,BK,50.0,0.0,DEPARTMENT OF TRANSPORTATION,,PAS,75.0,25.0,GMH9932,0,0.0,NY,4831205096,PHTO SCHOOL ZN SPEED VIOLATION,,01:44P
2024-09-02T08:00:00.000000-0400,2024-09-16T16:39:46.717000-0400,0.0,ST,50.0,0.0,DEPARTMENT OF TRANSPORTATION,,PAS,50.0,0.0,KPB5846,0,0.0,NY,4915712606,PHTO SCHOOL ZN SPEED VIOLATION,,02:44P
2024-12-01T10:00:00.000000-0500,2024-12-15T02:49:19.526000-0500,0.0,BX,50.0,0.0,DEPARTMENT OF TRANSPORTATION,,PAS,50.0,0.0,LBF9303,0,0.0,NY,4928557463,PHTO SCHOOL ZN SPEED VIOLATION,,02:16P
2023-09-03T08:00:00.000000-0400,2023-09-10T11:02:44.457000-0400,0.0,BX,50.0,0.0,DEPARTMENT OF TRANSPORTATION,,PAS,50.0,0.0,Y83PBM,0,0.0,NJ,4860975431,PHTO SCHOOL ZN SPEED VIOLATION,,11:37A
2024-11-27T10:00:00.000000-0500,2024-12-08T02:52:14.979000-0500,0.0,BX,50.0,0.0,DEPARTMENT OF TRANSPORTATION,,PAS,50.0,0.0,XNEC51,0,0.0,NJ,4927877826,PHTO SCHOOL ZN SPEED VIOLATION,,02:41A
2025-03-09T09:00:00.000000-0400,2025-03-16T01:37:31.879000-0400,78.16,BX,50.0,3.16,DEPARTMENT OF TRANSPORTATION,,PAS,0.0,25.0,LHH4312,0,0.0,PA,4939720780,PHTO SCHOOL ZN SPEED VIOLATION,,05:59P
2024-01-06T10:00:00.000000-0500,2024-01-16T16:02:48.918000-0500,0.0,BK,50.0,0.0,DEPARTMENT OF TRANSPORTATION,,PAS,50.0,0.0,FLW6323,0,0.0,NY,4880407720,PHTO SCHOOL ZN SPEED VIOLATION,,12:56P
2024-05-31T08:00:00.000000-0400,2024-06-17T21:39:14.872000-0400,0.0,BK,50.0,0.32,DEPARTMENT OF TRANSPORTATION,,PAS,75.3,25.0,YBB144,0,0.02,SC,4900647354,PHTO SCHOOL ZN SPEED VIOLATION,,06:37P
2025-03-24T08:00:00.000000-0400,2025-03-30T02:12:20.552000-0400,0.0,QN,50.0,0.0,DEPARTMENT OF TRANSPORTATION,,PAS,50.0,0.0,JLR2618,0,0.0,NY,4941354667,PHTO SCHOOL ZN SPEED VIOLATION,,01:37A
2025-05-31T08:00:00.000000-0400,2025-06-15T01:40:43.564000-0400,0.0,QN,50.0,0.0,DEPARTMENT OF TRANSPORTATION,,PAS,50.0,0.0,JRN5930,0,0.0,NY,4949967400,PHTO SCHOOL ZN SPEED VIOLATION,,10:07A
2023-06-02T08:00:00.000000-0400,2023-06-12T13:40:50.941000-0400,0.0,ST,50.0,0.0,DEPARTMENT OF TRANSPORTATION,,PAS,50.0,25.0,JKN3138,0,25.0,NY,4844208214,PHTO SCHOOL ZN SPEED VIOLATION,,09:46P
2024-03-21T08:00:00.000000-0400,2024-03-31T01:32:14.971000-0400,0.0,BK,50.0,0.04,DEPARTMENT OF TRANSPORTATION,2024-06-13T04:00:00.000000-0400,PAS,75.0,25.0,F16MRC,0,0.04,NJ,4889735902,PHTO SCHOOL ZN SPEED VIOLATION,,10:00A
2024-07-20T08:00:00.000000-0400,2024-08-04T01:37:19.612000-0400,0.0,QN,50.0,0.0,DEPARTMENT OF TRANSPORTATION,,PAS,50.0,0.0,J34SEU,0,0.0,NJ,4908763598,PHTO SCHOOL ZN SPEED VIOLATION,,08:49P
2023-02-03T10:00:00.000000-0500,2023-02-15T19:08:50.650000-0500,0.0,QN,50.0,0.0,DEPARTMENT OF TRANSPORTATION,,PAS,50.0,0.0,KZL8770,0,0.0,NY,4825585670,PHTO SCHOOL ZN SPEED VIOLATION,,08:04P
2024-01-13T10:00:00.000000-0500,2024-01-21T02:39:09.881000-0500,0.0,BK,50.0,0.0,DEPARTMENT OF TRANSPORTATION,,PAS,50.0,0.0,LCZ8148,0,0.0,NY,4881679170,PHTO SCHOOL ZN SPEED VIOLATION,,11:16P
2024-09-08T08:00:00.000000-0400,2024-09-23T15:44:46.479000-0400,0.0,BK,50.0,1.9,DEPARTMENT OF TRANSPORTATION,2024-12-05T05:00:00.000000-0500,PAS,76.26,25.0,DPD3915,0,0.64,NY,4916773330,PHTO SCHOOL ZN SPEED VIOLATION,,01:15P
2024-07-10T08:00:00.000000-0400,2024-07-22T19:30:42.522000-0400,0.0,QN,50.0,0.0,DEPARTMENT OF TRANSPORTATION,,PAS,50.0,0.0,LHX3212,0,0.0,NY,4906767163,PHTO SCHOOL ZN SPEED VIOLATION,,06:24A
2025-01-20T10:00:00.000000-0500,2025-01-26T03:18:03.981000-0500,0.0,QN,50.0,0.24,DEPARTMENT OF TRANSPORTATION,2025-04-10T04:00:00.000000-0400,PAS,75.0,25.0,KEK1745,0,0.24,NY,4934318410,PHTO SCHOOL ZN SPEED VIOLATION,,03:47P
2023-07-30T08:00:00.000000-0400,2023-08-14T20:33:24.346000-0400,0.0,BK,50.0,0.0,DEPARTMENT OF TRANSPORTATION,,PAS,75.0,25.0,KVX1589,0,0.0,NY,4855322040,PHTO SCHOOL ZN SPEED VIOLATION,,03:19A
2025-01-02T10:00:00.000000-0500,2025-01-12T02:37:33.092000-0500,0.0,BX,50.0,0.04,DEPARTMENT OF TRANSPORTATION,,PAS,75.0,25.0,JCZ1588,0,0.04,NY,4932371147,PHTO SCHOOL ZN SPEED VIOLATION,,02:58P
2024-04-16T08:00:00.000000-0400,2024-04-21T01:34:07.261000-0400,0.0,BK,50.0,0.0,DEPARTMENT OF TRANSPORTATION,,PAS,75.0,25.0,JMR6399,0,0.0,NY,4893173856,PHTO SCHOOL ZN SPEED VIOLATION,,07:37P
2024-03-04T10:00:00.000000-0500,2024-03-12T15:55:29.443000-0400,0.0,BK,50.0,0.0,DEPARTMENT OF TRANSPORTATION,,PAS,50.0,0.0,LDD9239,0,0.0,NY,4887581488,PHTO SCHOOL ZN SPEED VIOLATION,,03:55P
2025-04-04T08:00:00.000000-0400,2025-04-13T01:37:10.137000-0400,0.0,QN,50.0,0.24,DEPARTMENT OF TRANSPORTATION,,PAS,75.17,25.0,KJW5076,0,0.07,NY,4942911606,PHTO SCHOOL ZN SPEED VIOLATION,,11:31P
2024-08-23T08:00:00.000000-0400,2024-09-01T01:42:06.376000-0400,0.0,BK,50.0,0.0,DEPARTMENT OF TRANSPORTATION,,PAS,50.0,0.0,Z63SYF,0,0.0,NJ,4914087972,PHTO SCHOOL ZN SPEED VIOLATION,,07:19A
2023-06-05T08:00:00.000000-0400,2023-06-18T01:50:27.514000-0400,90.12,QN,50.0,15.12,DEPARTMENT OF TRANSPORTATION,2023-08-31T04:00:00.000000-0400,MOT,0.0,25.0,898BC1,0,0.0,NY,4845196645,PHTO SCHOOL ZN SPEED VIOLATION,,12:04P
2024-12-26T10:00:00.000000-0500,2025-01-05T02:43:44.988000-0500,0.0,BK,50.0,0.0,DEPARTMENT OF TRANSPORTATION,,PAS,50.0,0.0,BVY8298,0,0.0,NY,4931405710,PHTO SCHOOL ZN SPEED VIOLATION,,06:37P
2023-06-16T08:00:00.000000-0400,2023-06-25T01:41:42.981000-0400,0.0,MN,50.0,0.0,DEPARTMENT OF TRANSPORTATION,,PAS,50.0,0.0,Y94RTJ,0,0.0,NJ,4846358136,PHTO SCHOOL ZN SPEED VIOLATION,,05:12P
2024-09-22T08:00:00.000000-0400,2024-09-29T01:37:25.774000-0400,0.0,QN,50.0,0.0,DEPARTMENT OF TRANSPORTATION,,PAS,50.0,0.0,FRY2753,0,0.0,NY,4917954411,PHTO SCHOOL ZN SPEED VIOLATION,,08:23P
2023-02-17T10:00:00.000000-0500,2023-02-26T02:38:08.590000-0500,0.0,BK,50.0,0.0,DEPARTMENT OF TRANSPORTATION,,PAS,75.0,25.0,JBB9986,0,0.0,NY,4827529127,PHTO SCHOOL ZN SPEED VIOLATION,,09:38P
2024-09-18T08:00:00.000000-0400,2024-09-29T01:37:25.774000-0400,0.0,BX,50.0,0.0,DEPARTMENT OF TRANSPORTATION,,PAS,50.0,0.0,KFL4273,0,0.0,NY,4918380220,PHTO SCHOOL ZN SPEED VIOLATION,,02:40P
2025-10-09T08:00:00.000000-0400,2025-10-19T01:37:59.655000-0400,0.0,BK,50.0,0.0,DEPARTMENT OF TRANSPORTATION,,PAS,50.0,0.0,M33VPV,0,0.0,NJ,4967834346,PHTO SCHOOL ZN SPEED VIOLATION,,10:15A
2025-05-21T08:00:00.000000-0400,2025-06-01T01:44:17.339000-0400,0.0,BX,50.0,0.0,DEPARTMENT OF TRANSPORTATION,,PAS,75.0,25.0,HBN3680,0,0.0,NY,4948355422,PHTO SCHOOL ZN SPEED VIOLATION,,05:27P
2025-10-02T08:00:00.000000-0400,2025-10-12T01:38:36.049000-0400,75.0,BK,50.0,0.0,DEPARTMENT OF TRANSPORTATION,,PAS,0.0,25.0,BTR8721,0,0.0,TN,4967134816,PHTO SCHOOL ZN SPEED VIOLATION,,11:57A
2025-10-03T08:00:00.000000-0400,2025-10-12T01:38:36.049000-0400,0.0,QN,50.0,0.0,DEPARTMENT OF TRANSPORTATION,,PAS,50.0,0.0,GDP5930,0,0.0,NY,4967340441,PHTO SCHOOL ZN SPEED VIOLATION,,09:40A
2024-08-31T08:00:00.000000-0400,2024-09-16T16:39:46.717000-0400,0.0,BK,50.0,0.0,DEPARTMENT OF TRANSPORTATION,,PAS,50.0,0.0,LJY5517,0,0.0,NY,4915413202,PHTO SCHOOL ZN SPEED VIOLATION,,11:26A
2024-07-26T08:00:00.000000-0400,2024-08-04T01:37:19.612000-0400,0.0,QN,50.0,0.0,DEPARTMENT OF TRANSPORTATION,,PAS,50.0,0.0,LEJ4508,0,0.0,NY,4909382215,PHTO SCHOOL ZN SPEED VIOLATION,,12:55P
2025-04-05T08:00:00.000000-0400,2025-04-13T01:37:10.137000-0400,0.0,QN,50.0,0.0,DEPARTMENT OF TRANSPORTATION,,PAS,50.0,0.0,KVJ5008,0,0.0,NY,4942704534,PHTO SCHOOL ZN SPEED VIOLATION,,06:34P
2023-08-14T08:00:00.000000-0400,2023-08-30T14:45:46.149000-0400,88.82,BK,50.0,13.82,DEPARTMENT OF TRANSPORTATION,2023-11-09T05:00:00.000000-0500,PAS,0.0,25.0,CJI6176,0,0.0,GA,4857938704,PHTO SCHOOL ZN SPEED VIOLATION,,11:42P
2023-01-05T10:00:00.000000-0500,2023-01-17T17:43:13.848000-0500,0.0,ST,50.0,0.0,DEPARTMENT OF TRANSPORTATION,,PAS,75.0,25.0,KXP9935,0,0.0,NY,4821142934,PHTO SCHOOL ZN SPEED VIOLATION,,06:20P
2023-02-25T10:00:00.000000-0500,2023-03-05T02:30:55.429000-0500,0.0,BK,50.0,0.0,DEPARTMENT OF TRANSPORTATION,,PAS,50.0,0.0,AZ67382,0,0.0,CT,4828943833,PHTO SCHOOL ZN SPEED VIOLATION,,02:53A
2025-10-11T08:00:00.000000-0400,2025-10-19T01:37:59.655000-0400,75.0,QN,50.0,0.0,DEPARTMENT OF TRANSPORTATION,,PAS,0.0,25.0,KMM3621,0,0.0,NY,4967980892,PHTO SCHOOL ZN SPEED VIOLATION,,12:58A
2025-06-10T08:00:00.000000-0400,2025-06-22T01:38:07.922000-0400,0.0,BK,50.0,0.0,DEPARTMENT OF TRANSPORTATION,,PAS,50.0,0.0,LJX2803,0,0.0,NY,4951326449,PHTO SCHOOL ZN SPEED VIOLATION,,07:19P
2023-04-27T08:00:00.000000-0400,2023-05-07T01:34:37.749000-0400,0.0,MN,50.0,0.0,DEPARTMENT OF TRANSPORTATION,,PAS,50.0,0.0,JRX9987,0,0.0,NY,4838324510,PHTO SCHOOL ZN SPEED VIOLATION,,03:10P
2023-06-02T08:00:00.000000-0400,2023-06-12T13:40:50.941000-0400,0.0,QN,50.0,0.0,DEPARTMENT OF TRANSPORTATION,,PAS,50.0,0.0,KYJ7004,0,0.0,NY,4844397874,PHTO SCHOOL ZN SPEED VIOLATION,,09:24P
2024-02-23T10:00:00.000000-0500,2024-03-03T02:33:07.153000-0500,84.14,BK,50.0,9.14,DEPARTMENT OF TRANSPORTATION,,PAS,0.0,25.0,B32PPP,0,0.0,NJ,4886548970,PHTO SCHOOL ZN SPEED VIOLATION,,11:01P
2023-01-19T10:00:00.000000-0500,2023-01-29T02:30:39.927000-0500,0.0,BK,50.0,0.0,DEPARTMENT OF TRANSPORTATION,,PAS,50.0,0.0,KKT4111,0,0.0,NY,4823332350,PHTO SCHOOL ZN SPEED VIOLATION,,12:11P
2023-09-15T08:00:00.000000-0400,2023-09-24T01:41:39.586000-0400,0.0,QN,50.0,0.0,DEPARTMENT OF TRANSPORTATION,,PAS,50.0,0.0,LAL5947,0,0.0,NY,4863157460,PHTO SCHOOL ZN SPEED VIOLATION,,02:21P
2023-10-10T08:00:00.000000-0400,2023-10-16T16:18:20.947000-0400,0.0,BK,50.0,0.04,DEPARTMENT OF TRANSPORTATION,2023-12-28T05:00:00.000000-0500,PAS,75.0,25.0,B65RVB,0,0.04,NJ,4867038076,PHTO SCHOOL ZN SPEED VIOLATION,,07:51A
2024-10-02T08:00:00.000000-0400,2024-10-13T01:42:40.046000-0400,0.0,BX,50.0,0.17,DEPARTMENT OF TRANSPORTATION,,PAS,75.04,25.0,LAA9336,0,0.13,NY,4919681987,PHTO SCHOOL ZN SPEED VIOLATION,,11:43A
2023-12-21T10:00:00.000000-0500,2023-12-31T02:40:56.613000-0500,0.0,BK,50.0,0.32,DEPARTMENT OF TRANSPORTATION,2024-03-14T04:00:00.000000-0400,PAS,75.3,25.0,8933ZU,0,0.02,ME,4877937316,PHTO SCHOOL ZN SPEED VIOLATION,,08:00P
2023-05-25T08:00:00.000000-0400,2023-06-04T01:34:52.072000-0400,0.0,BK,50.0,0.0,DEPARTMENT OF TRANSPORTATION,,PAS,75.0,25.0,AV32688,0,0.0,CT,4843308134,PHTO SCHOOL ZN SPEED VIOLATION,HEARING HELD-GUILTY,07:12P
2023-08-25T08:00:00.000000-0400,2023-09-03T01:29:35.188000-0400,0.0,QN,50.0,0.0,DEPARTMENT OF TRANSPORTATION,,PAS,50.0,0.0,JRS6515,0,0.0,NY,4859909161,PHTO SCHOOL ZN SPEED VIOLATION,,06:52P
2023-01-14T10:00:00.000000-0500,2023-01-22T02:29:24.485000-0500,0.0,BK,50.0,1.2,DEPARTMENT OF TRANSPORTATION,,PAS,76.15,25.0,K50PMA,0,0.05,NJ,4822455087,PHTO SCHOOL ZN SPEED VIOLATION,,01:42P
2023-12-16T10:00:00.000000-0500,2023-12-24T02:32:14.261000-0500,0.0,BX,50.0,0.0,DEPARTMENT OF TRANSPORTATION,,PAS,50.0,0.0,LGC1924,0,0.0,NY,4876956674,PHTO SCHOOL ZN SPEED VIOLATION,,01:59P
2023-09-13T08:00:00.000000-0400,2023-09-24T01:41:39.586000-0400,0.0,QN,50.0,0.0,DEPARTMENT OF TRANSPORTATION,,PAS,50.0,25.0,KNY8274,0,25.0,NY,4862876158,PHTO SCHOOL ZN SPEED VIOLATION,,01:46P
2023-11-06T10:00:00.000000-0500,2023-11-19T02:39:02.706000-0500,87.26,BK,50.0,12.26,DEPARTMENT OF TRANSPORTATION,2024-02-01T05:00:00.000000-0500,PAS,0.0,25.0,KZN1644,0,0.0,NY,4871709103,PHTO SCHOOL ZN SPEED VIOLATION,,08:58A
2024-08-12T08:00:00.000000-0400,2024-08-25T01:47:53.395000-0400,81.93,BK,50.0,6.93,DEPARTMENT OF TRANSPORTATION,,PAS,0.0,25.0,4BFL11,0,0.0,MA,4912368301,PHTO SCHOOL ZN SPEED VIOLATION,,07:33A
2024-09-16T08:00:00.000000-0400,2024-09-29T01:37:25.774000-0400,0.0,BK,50.0,0.0,DEPARTMENT OF TRANSPORTATION,,PAS,50.0,0.0,GWEJ81,0,0.0,FL,4917448979,PHTO SCHOOL ZN SPEED VIOLATION,,01:59P
2025-07-23T08:00:00.000000-0400,2025-08-03T01:56:00.664000-0400,75.56,BK,50.0,0.56,DEPARTMENT OF TRANSPORTATION,2025-10-16T04:00:00.000000-0400,PAS,0.0,25.0,KYP1339,0,0.0,NY,4957388556,PHTO SCHOOL ZN SPEED VIOLATION,,07:54A
2023-04-15T08:00:00.000000-0400,2023-04-30T01:43:42.393000-0400,0.0,BK,50.0,0.0,DEPARTMENT OF TRANSPORTATION,,PAS,50.0,0.0,JDN4984,0,0.0,NY,4836750209,PHTO SCHOOL ZN SPEED VIOLATION,,07:29A
2025-01-07T10:00:00.000000-0500,2025-01-12T02:37:33.092000-0500,0.0,MN,50.0,0.23,DEPARTMENT OF TRANSPORTATION,,PAS,75.17,25.0,LRJ9435,0,0.06,NY,4933026210,PHTO SCHOOL ZN SPEED VIOLATION,,04:39P
2024-07-31T08:00:00.000000-0400,2024-08-11T01:35:40.742000-0400,0.0,QN,50.0,1.08,DEPARTMENT OF TRANSPORTATION,,PAS,75.95,25.0,KKD8032,0,0.13,NY,4910203450,PHTO SCHOOL ZN SPEED VIOLATION,,09:33P
2025-05-02T08:00:00.000000-0400,2025-05-12T20:28:07.455000-0400,0.0,BK,50.0,0.0,DEPARTMENT OF TRANSPORTATION,,PAS,50.0,0.0,LUL1810,0,0.0,NY,4946075197,PHTO SCHOOL ZN SPEED VIOLATION,,02:30P
2024-05-22T08:00:00.000000-0400,2024-06-02T01:46:27.725000-0400,0.0,BK,50.0,0.0,DEPARTMENT OF TRANSPORTATION,,PAS,50.0,0.0,GZY4023,0,0.0,NY,4898814396,PHTO SCHOOL ZN SPEED VIOLATION,,10:34A
2023-04-13T08:00:00.000000-0400,2023-04-28T16:53:57.605000-0400,0.0,BX,50.0,0.0,DEPARTMENT OF TRANSPORTATION,,PAS,50.0,0.0,BG12678,0,0.0,CT,4835913929,PHTO SCHOOL ZN SPEED VIOLATION,,03:56A
2024-11-25T10:00:00.000000-0500,2024-12-01T02:45:30.375000-0500,0.0,QN,50.0,0.0,DEPARTMENT OF TRANSPORTATION,,PAS,50.0,0.0,MFD2024,0,0.0,PA,4927346092,PHTO SCHOOL ZN SPEED VIOLATION,,02:22A
2023-08-07T08:00:00.000000-0400,2023-08-14T20:33:24.346000-0400,0.0,BK,50.0,0.0,DEPARTMENT OF TRANSPORTATION,,PAS,50.0,0.0,AEU4660,0,0.0,NY,4856379458,PHTO SCHOOL ZN SPEED VIOLATION,,01:14P
2023-06-18T08:00:00.000000-0400,2023-06-25T01:41:42.981000-0400,0.0,QN,50.0,0.0,DEPARTMENT OF TRANSPORTATION,,PAS,50.0,0.0,KLM4403,0,0.0,NY,4846697540,PHTO SCHOOL ZN SPEED VIOLATION,,09:16P
2024-11-08T10:00:00.000000-0500,2024-11-17T02:44:39.741000-0500,0.0,MN,50.0,2.47,DEPARTMENT OF TRANSPORTATION,,PAS,77.38,25.0,MGV1376,0,0.09,PA,4925116289,PHTO SCHOOL ZN SPEED VIOLATION,,07:04A
2023-11-21T10:00:00.000000-0500,2023-12-03T02:45:07.697000-0500,0.0,BK,50.0,0.0,DEPARTMENT OF TRANSPORTATION,,PAS,50.0,0.0,LCX3784,0,0.0,NY,4874108416,PHTO SCHOOL ZN SPEED VIOLATION,,10:29A
2023-01-01T10:00:00.000000-0500,2023-01-08T02:40:24.555000-0500,0.0,QN,50.0,0.0,DEPARTMENT OF TRANSPORTATION,,PAS,75.0,25.0,GYC5788,0,0.0,NY,4820377085,PHTO SCHOOL ZN SPEED VIOLATION,,12:03P
2023-07-18T08:00:00.000000-0400,2023-07-29T09:37:57.497000-0400,0.0,BX,50.0,0.0,DEPARTMENT OF TRANSPORTATION,,PAS,50.0,0.0,RKH3292,0,0.0,TX,4852626042,PHTO SCHOOL ZN SPEED VIOLATION,,07:33P
2025-09-01T08:00:00.000000-0400,2025-09-07T01:45:19.540000-0400,0.0,MN,50.0,0.0,DEPARTMENT OF TRANSPORTATION,,PAS,50.0,0.0,DKY5548,0,0.0,NY,4963190450,PHTO SCHOOL ZN SPEED VIOLATION,,10:20A
2023-07-24T08:00:00.000000-0400,2023-08-06T01:30:51.541000-0400,0.0,BK,50.0,0.0,DEPARTMENT OF TRANSPORTATION,,PAS,50.0,0.0,CKG9400,0,0.0,NY,4854008519,PHTO SCHOOL ZN SPEED VIOLATION,,04:58P
2025-06-21T08:00:00.000000-0400,2025-06-29T01:44:08.326000-0400,0.0,QN,50.0,0.0,DEPARTMENT OF TRANSPORTATION,,PAS,50.0,0.0,KYR6862,0,0.0,NY,4952430170,PHTO SCHOOL ZN SPEED VIOLATION,,06:00P
2024-12-22T10:00:00.000000-0500,2024-12-29T02:49:04.757000-0500,0.0,BK,50.0,0.0,DEPARTMENT OF TRANSPORTATION,,OMS,50.0,0.0,KBT9305,0,0.0,NY,4930830965,PHTO SCHOOL ZN SPEED VIOLATION,,03:25A
2024-02-04T10:00:00.000000-0500,2024-02-12T15:50:03.708000-0500,85.57,BK,50.0,10.57,DEPARTMENT OF TRANSPORTATION,2024-04-25T04:00:00.000000-0400,PAS,0.0,25.0,R65SWU,0,0.0,NJ,4884086910,PHTO SCHOOL ZN SPEED VIOLATION,,02:01A
2024-11-13T10:00:00.000000-0500,2024-11-24T02:42:12.312000-0500,80.11,BX,50.0,5.11,DEPARTMENT OF TRANSPORTATION,2025-02-13T05:00:00.000000-0500,OMT,0.0,25.0,T801166C,0,0.0,NY,4925834538,PHTO SCHOOL ZN SPEED VIOLATION,,12:35A
2024-10-05T08:00:00.000000-0400,2024-10-13T01:42:40.046000-0400,65.07,QN,50.0,5.2,DEPARTMENT OF TRANSPORTATION,,PAS,15.13,25.0,LKV7662,0,0.0,NY,4919987377,PHTO SCHOOL ZN SPEED VIOLATION,,10:37A
2024-08-13T08:00:00.000000-0400,2024-08-25T01:47:53.395000-0400,0.0,BK,50.0,0.0,DEPARTMENT OF TRANSPORTATION,,PAS,50.0,0.0,KKJ9221,0,0.0,NY,4912200451,PHTO SCHOOL ZN SPEED VIOLATION,,08:31A
2023-08-25T08:00:00.000000-0400,2023-09-03T01:29:35.188000-0400,88.56,BX,50.0,13.56,DEPARTMENT OF TRANSPORTATION,,OMT,0.0,25.0,T725228C,0,0.0,NY,4859398269,PHTO SCHOOL ZN SPEED VIOLATION,,04:48P
2023-09-05T08:00:00.000000-0400,2023-09-18T16:55:04.580000-0400,0.0,QN,50.0,0.0,DEPARTMENT OF TRANSPORTATION,,PAS,50.0,0.0,071BHWP,0,0.0,TN,4861511768,PHTO SCHOOL ZN SPEED VIOLATION,,12:44A
2024-04-13T08:00:00.000000-0400,2024-04-21T01:34:07.261000-0400,42.15,BX,50.0,9.0,DEPARTMENT OF TRANSPORTATION,2024-07-04T04:00:00.000000-0400,PAS,41.85,25.0,JMZ5546,0,0.0,NY,4892654905,PHTO SCHOOL ZN SPEED VIOLATION,,06:21P
2025-10-07T08:00:00.000000-0400,2025-10-19T01:37:59.655000-0400,75.0,QN,50.0,0.0,DEPARTMENT OF TRANSPORTATION,,PAS,0.0,25.0,CMC5530,0,0.0,NY,4967657205,PHTO SCHOOL ZN SPEED VIOLATION,,11:43A
2024-09-05T08:00:00.000000-0400,2024-09-16T16:39:46.717000-0400,0.0,BK,50.0,0.0,DEPARTMENT OF TRANSPORTATION,,SRF,50.0,0.0,HONEYBB1,0,0.0,NY,4915877190,PHTO SCHOOL ZN SPEED VIOLATION,,04:01P
2023-09-17T08:00:00.000000-0400,2023-10-01T01:32:43.792000-0400,0.0,ST,50.0,0.0,DEPARTMENT OF TRANSPORTATION,,PAS,50.0,0.0,KCA1032,0,0.0,NY,4864103616,PHTO SCHOOL ZN SPEED VIOLATION,,05:04P
2023-10-21T08:00:00.000000-0400,2023-10-29T01:44:54.683000-0400,0.0,BX,50.0,0.0,DEPARTMENT OF TRANSPORTATION,,PAS,50.0,0.0,CER3267,0,0.0,NY,4868600539,PHTO SCHOOL ZN SPEED VIOLATION,,07:18A
2024-01-20T10:00:00.000000-0500,2024-01-28T02:37:05.728000-0500,68.39,QN,50.0,8.44,DEPARTMENT OF TRANSPORTATION,2024-04-11T04:00:00.000000-0400,PAS,15.05,25.0,BN05QW,0,0.0,FL,4882514813,PHTO SCHOOL ZN SPEED VIOLATION,,09:06P
2024-10-07T08:00:00.000000-0400,2024-10-20T01:40:16.986000-0400,0.0,BK,50.0,0.0,DEPARTMENT OF TRANSPORTATION,,PAS,50.0,0.0,LLC2794,0,0.0,NY,4920865480,PHTO SCHOOL ZN SPEED VIOLATION,,09:56P
2025-05-25T08:00:00.000000-0400,2025-06-08T01:38:44.962000-0400,0.0,BK,50.0,0.0,DEPARTMENT OF TRANSPORTATION,,MED,50.0,0.0,92843,0,0.0,NY,4949379896,PHTO SCHOOL ZN SPEED VIOLATION,,10:21A
2025-08-05T08:00:00.000000-0400,2025-08-10T02:16:52.758000-0400,0.0,BX,50.0,0.0,DEPARTMENT OF TRANSPORTATION,,OMT,75.0,25.0,T779942C,0,0.0,NY,4959330247,PHTO SCHOOL ZN SPEED VIOLATION,,07:46A
2025-09-10T08:00:00.000000-0400,2025-09-22T16:44:29.036000-0400,0.0,BX,50.0,0.0,DEPARTMENT OF TRANSPORTATION,,PAS,75.0,25.0,JDW5711,0,0.0,NY,4964265596,PHTO SCHOOL ZN SPEED VIOLATION,,10:19P
2025-04-01T08:00:00.000000-0400,2025-04-13T01:37:10.137000-0400,0.0,QN,50.0,0.0,DEPARTMENT OF TRANSPORTATION,,PAS,50.0,0.0,LKF6453,0,0.0,NY,4942447537,PHTO SCHOOL ZN SPEED VIOLATION,,07:13P
2023-10-05T08:00:00.000000-0400,2023-10-16T16:18:20.947000-0400,0.0,BK,50.0,0.76,DEPARTMENT OF TRANSPORTATION,2023-12-28T05:00:00.000000-0500,PAS,75.69,25.0,DWJ7604,0,0.07,NY,4866311174,PHTO SCHOOL ZN SPEED VIOLATION,,05:26A
2025-08-29T08:00:00.000000-0400,2025-09-07T01:45:19.540000-0400,0.0,MN,50.0,0.0,DEPARTMENT OF TRANSPORTATION,,PAS,75.0,25.0,KUW5118,0,0.0,NY,4962947163,PHTO SCHOOL ZN SPEED VIOLATION,,09:26P
2024-09-06T08:00:00.000000-0400,2024-09-16T16:39:46.717000-0400,0.0,BX,50.0,0.0,DEPARTMENT OF TRANSPORTATION,,PAS,50.0,0.0,CJZ4787,0,0.0,NY,4915978473,PHTO SCHOOL ZN SPEED VIOLATION,,07:58A
2023-12-09T10:00:00.000000-0500,2023-12-24T02:32:14.261000-0500,0.0,QN,50.0,0.0,DEPARTMENT OF TRANSPORTATION,,PAS,50.0,0.0,HTK1018,0,0.0,NY,4876363500,PHTO SCHOOL ZN SPEED VIOLATION,,09:28P
2024-01-27T10:00:00.000000-0500,2024-02-04T02:32:46.754000-0500,0.0,QN,50.0,0.0,DEPARTMENT OF TRANSPORTATION,,PAS,50.0,0.0,KRW7394,0,0.0,NY,4882862219,PHTO SCHOOL ZN SPEED VIOLATION,,02:16A
2024-08-25T08:00:00.000000-0400,2024-09-08T01:40:03.470000-0400,81.67,BX,50.0,6.67,DEPARTMENT OF TRANSPORTATION,,PAS,0.0,25.0,LHT9697,0,0.0,NY,4914526633,PHTO SCHOOL ZN SPEED VIOLATION,,06:12P
2025-08-06T08:00:00.000000-0400,2025-08-17T01:58:29.806000-0400,0.0,QN,50.0,0.0,DEPARTMENT OF TRANSPORTATION,,PAS,50.0,0.0,LUH2118,0,0.0,NY,4959529398,PHTO SCHOOL ZN SPEED VIOLATION,,05:51P
2023-11-26T10:00:00.000000-0500,2023-12-03T02:45:07.697000-0500,0.0,BX,50.0,0.0,DEPARTMENT OF TRANSPORTATION,,PAS,75.0,25.0,HMR6461,0,0.0,NY,4874060195,PHTO SCHOOL ZN SPEED VIOLATION,,11:48A
2024-03-11T08:00:00.000000-0400,2024-03-24T01:36:06.107000-0400,0.0,BK,50.0,0.0,DEPARTMENT OF TRANSPORTATION,,PAS,50.0,0.0,KUP1600,0,0.0,NY,4888775308,PHTO SCHOOL ZN SPEED VIOLATION,,08:41A
2023-06-13T08:00:00.000000-0400,2023-06-25T01:41:42.981000-0400,0.0,BX,50.0,0.0,DEPARTMENT OF TRANSPORTATION,,PAS,50.0,0.0,JNC8368,0,0.0,NY,4846200140,PHTO SCHOOL ZN SPEED VIOLATION,,05:45P
2024-02-20T10:00:00.000000-0500,2024-02-25T02:46:14.156000-0500,85.31,BK,50.0,10.31,DEPARTMENT OF TRANSPORTATION,2024-05-09T04:00:00.000000-0400,PAS,0.0,25.0,1288WT,0,0.0,ME,4885827450,PHTO SCHOOL ZN SPEED VIOLATION,,12:11A
2025-08-19T08:00:00.000000-0400,2025-08-31T01:44:44.636000-0400,0.0,BK,50.0,0.0,DEPARTMENT OF TRANSPORTATION,,PAS,50.0,0.0,S49VDF,0,0.0,NJ,4961441314,PHTO SCHOOL ZN SPEED VIOLATION,,01:22P
2024-09-29T08:00:00.000000-0400,2024-10-06T01:42:22.023000-0400,0.0,BX,50.0,0.45,DEPARTMENT OF TRANSPORTATION,,PAS,75.43,25.0,HZA5422,0,0.02,NY,4919176090,PHTO SCHOOL ZN SPEED VIOLATION,,03:46A
2024-08-20T08:00:00.000000-0400,2024-08-25T01:47:53.395000-0400,0.0,BX,50.0,0.0,DEPARTMENT OF TRANSPORTATION,,PAS,75.0,25.0,HCV5291,0,0.0,NY,4913180540,PHTO SCHOOL ZN SPEED VIOLATION,,01:01P
2023-08-02T08:00:00.000000-0400,2023-08-14T20:33:24.346000-0400,0.0,QN,50.0,0.0,DEPARTMENT OF TRANSPORTATION,,COM,50.0,0.0,93060MC,0,0.0,NY,4855641996,PHTO SCHOOL ZN SPEED VIOLATION,,02:17P
2023-12-12T10:00:00.000000-0500,2023-12-24T02:32:14.261000-0500,0.0,ST,50.0,0.0,DEPARTMENT OF TRANSPORTATION,,PAS,50.0,0.0,KFM2844,0,0.0,NY,4876789903,PHTO SCHOOL ZN SPEED VIOLATION,,02:44P
2023-05-22T08:00:00.000000-0400,2023-06-04T01:34:52.072000-0400,0.0,QN,50.0,0.0,DEPARTMENT OF TRANSPORTATION,,PAS,50.0,0.0,KRU7808,0,0.0,NY,4842471980,PHTO SCHOOL ZN SPEED VIOLATION,,09:27A
2024-07-05T08:00:00.000000-0400,2024-07-14T01:35:50.204000-0400,66.47,ST,50.0,6.73,DEPARTMENT OF TRANSPORTATION,,PAS,15.26,25.0,JNX1645,0,0.0,NY,4905616402,PHTO SCHOOL ZN SPEED VIOLATION,,08:24A
2023-07-05T08:00:00.000000-0400,2023-07-17T13:20:29.469000-0400,0.0,QN,50.0,0.0,DEPARTMENT OF TRANSPORTATION,,PAS,50.0,0.0,56AUSU,0,0.0,FL,4849566108,PHTO SCHOOL ZN SPEED VIOLATION,,04:16P
2024-03-30T08:00:00.000000-0400,2024-04-15T15:37:42.219000-0400,0.0,ST,50.0,0.0,DEPARTMENT OF TRANSPORTATION,,PAS,50.0,0.0,HKB5383,0,0.0,NY,4891327560,PHTO SCHOOL ZN SPEED VIOLATION,,06:04P
2023-01-14T10:00:00.000000-0500,2023-01-22T02:29:24.485000-0500,0.0,QN,50.0,8.18,DEPARTMENT OF TRANSPORTATION,2023-04-06T04:00:00.000000-0400,PAS,83.18,25.0,KPM7782,0,0.0,NY,4822391620,PHTO SCHOOL ZN SPEED VIOLATION,,04:28A
2024-06-09T08:00:00.000000-0400,2024-06-17T21:39:14.872000-0400,0.0,QN,50.0,0.0,DEPARTMENT OF TRANSPORTATION,,PAS,50.0,0.0,FMN9865,0,0.0,NY,4901347706,PHTO SCHOOL ZN SPEED VIOLATION,,08:55P
2025-01-26T10:00:00.000000-0500,2025-02-02T02:42:39.622000-0500,0.0,QN,50.0,0.0,DEPARTMENT OF TRANSPORTATION,,PAS,50.0,0.0,LHP3708,0,0.0,NY,4934985761,PHTO SCHOOL ZN SPEED VIOLATION,,01:06P
2024-09-05T08:00:00.000000-0400,2024-09-16T16:39:46.717000-0400,0.0,QN,50.0,0.0,DEPARTMENT OF TRANSPORTATION,,PAS,50.0,0.0,LGN5417,0,0.0,NY,4916364168,PHTO SCHOOL ZN SPEED VIOLATION,,02:50A
2025-08-16T08:00:00.000000-0400,2025-08-24T02:13:30.490000-0400,0.0,BK,50.0,0.0,DEPARTMENT OF TRANSPORTATION,,PAS,50.0,0.0,LTE4832,0,0.0,NY,4961107384,PHTO SCHOOL ZN SPEED VIOLATION,,12:14P
2023-08-30T08:00:00.000000-0400,2023-09-10T11:02:44.457000-0400,0.0,BK,50.0,0.0,DEPARTMENT OF TRANSPORTATION,,PAS,50.0,0.0,LEC1000,0,0.0,NY,4861141199,PHTO SCHOOL ZN SPEED VIOLATION,,09:05P
2023-11-19T10:00:00.000000-0500,2023-12-03T02:45:07.697000-0500,0.0,QN,50.0,0.0,DEPARTMENT OF TRANSPORTATION,,PAS,50.0,0.0,KKJ5347,0,0.0,NY,4873312887,PHTO SCHOOL ZN SPEED VIOLATION,,12:03P
2023-08-21T08:00:00.000000-0400,2023-09-03T01:29:35.188000-0400,0.0,BK,50.0,0.0,DEPARTMENT OF TRANSPORTATION,,PAS,50.0,0.0,KHT8410,0,0.0,NY,4859150600,PHTO SCHOOL ZN SPEED VIOLATION,,07:55A
2023-08-21T08:00:00.000000-0400,2023-08-30T14:45:46.149000-0400,0.0,BK,50.0,0.0,DEPARTMENT OF TRANSPORTATION,,PAS,50.0,0.0,KNF7934,0,0.0,NY,4858592996,PHTO SCHOOL ZN SPEED VIOLATION,,03:16P
2024-08-25T08:00:00.000000-0400,2024-09-08T01:40:03.470000-0400,0.0,ST,50.0,0.0,DEPARTMENT OF TRANSPORTATION,,PAS,50.0,0.0,KRN5248,0,0.0,NY,4914482812,PHTO SCHOOL ZN SPEED VIOLATION,,07:37A
2023-02-04T10:00:00.000000-0500,2023-02-15T19:08:50.650000-0500,0.0,BK,50.0,1.95,DEPARTMENT OF TRANSPORTATION,2023-04-27T04:00:00.000000-0400,PAS,76.86,25.0,KVY3201,0,0.09,NY,4825472760,PHTO SCHOOL ZN SPEED VIOLATION,,05:42P
2024-05-14T08:00:00.000000-0400,2024-05-26T01:35:17.664000-0400,0.0,QN,50.0,0.0,DEPARTMENT OF TRANSPORTATION,,PAS,50.0,0.0,LAP9495,0,0.0,NY,4897978889,PHTO SCHOOL ZN SPEED VIOLATION,,10:26P
2024-08-09T08:00:00.000000-0400,2024-08-18T01:43:16.009000-0400,0.0,BX,50.0,0.25,DEPARTMENT OF TRANSPORTATION,,PAS,75.25,25.0,VCJ2195,0,0.0,NC,4911979665,PHTO SCHOOL ZN SPEED VIOLATION,,04:12P
2023-08-07T08:00:00.000000-0400,2023-08-14T20:33:24.346000-0400,0.0,QN,50.0,0.0,DEPARTMENT OF TRANSPORTATION,,SPO,50.0,0.0,461DEA,0,0.0,NY,4856401970,PHTO SCHOOL ZN SPEED VIOLATION,,11:08P
2023-07-27T08:00:00.000000-0400,2023-08-06T01:30:51.541000-0400,0.0,BX,50.0,0.0,DEPARTMENT OF TRANSPORTATION,,PAS,50.0,0.0,EAH7565,0,0.0,NY,4854700919,PHTO SCHOOL ZN SPEED VIOLATION,,05:57P
2023-12-27T10:00:00.000000-0500,2024-01-07T02:33:58.698000-0500,0.0,QN,50.0,0.0,DEPARTMENT OF TRANSPORTATION,,PAS,50.0,0.0,LDD9106,0,0.0,NY,4878828973,PHTO SCHOOL ZN SPEED VIOLATION,,06:57A
2023-12-29T10:00:00.000000-0500,2024-01-07T02:33:58.698000-0500,0.0,BK,50.0,0.0,DEPARTMENT OF TRANSPORTATION,,PAS,50.0,0.0,HKSA54,0,0.0,FL,4879647056,PHTO SCHOOL ZN SPEED VIOLATION,,03:27P
2023-10-05T08:00:00.000000-0400,2023-10-22T01:32:19.820000-0400,87.78,BX,50.0,12.78,DEPARTMENT OF TRANSPORTATION,,PAS,0.0,25.0,LM27623,0,0.0,PA,4867105302,PHTO SCHOOL ZN SPEED VIOLATION,,04:54P
2024-06-14T08:00:00.000000-0400,2024-06-30T01:35:42.301000-0400,0.0,QN,50.0,0.0,DEPARTMENT OF TRANSPORTATION,,PAS,50.0,0.0,D17SMA,0,0.0,NJ,4902611030,PHTO SCHOOL ZN SPEED VIOLATION,,01:30A
2024-09-15T08:00:00.000000-0400,2024-09-29T01:37:25.774000-0400,0.0,BK,50.0,0.0,DEPARTMENT OF TRANSPORTATION,,PAS,50.0,0.0,TGU1307,0,0.0,GA,4917825052,PHTO SCHOOL ZN SPEED VIOLATION,,12:55A
2024-12-01T10:00:00.000000-0500,2024-12-08T02:52:14.979000-0500,0.0,BK,50.0,0.0,DEPARTMENT OF TRANSPORTATION,,PAS,50.0,0.0,KHH1364,0,0.0,NY,4927987255,PHTO SCHOOL ZN SPEED VIOLATION,,08:55A
2023-06-24T08:00:00.000000-0400,2023-07-09T01:34:43.968000-0400,0.0,BK,50.0,8.42,DEPARTMENT OF TRANSPORTATION,,PAS,83.42,25.0,KMS2008,0,0.0,NY,4848184010,PHTO SCHOOL ZN SPEED VIOLATION,,11:17A
2025-05-22T08:00:00.000000-0400,2025-05-31T09:01:11.848000-0400,0.0,ST,50.0,0.0,DEPARTMENT OF TRANSPORTATION,,COM,50.0,0.0,23332MM,0,0.0,NY,4948457050,PHTO SCHOOL ZN SPEED VIOLATION,,12:08P
2025-09-22T08:00:00.000000-0400,2025-09-28T01:47:19.607000-0400,75.0,QN,50.0,0.0,DEPARTMENT OF TRANSPORTATION,,PAS,0.0,25.0,LFJ1811,0,0.0,NY,4965696785,PHTO SCHOOL ZN SPEED VIOLATION,,05:24P
2023-08-11T08:00:00.000000-0400,2023-08-20T01:29:19.170000-0400,0.0,QN,50.0,0.0,DEPARTMENT OF TRANSPORTATION,,PAS,75.0,25.0,FFL8425,0,0.0,NY,4856978949,PHTO SCHOOL ZN SPEED VIOLATION,,01:42P
2025-08-18T08:00:00.000000-0400,2025-08-24T02:13:30.490000-0400,75.17,BX,50.0,0.17,DEPARTMENT OF TRANSPORTATION,2025-11-06T05:00:00.000000-0500,PAS,0.0,25.0,HPM4207,0,0.0,NY,4961166698,PHTO SCHOOL ZN SPEED VIOLATION,,10:27A
2025-08-29T08:00:00.000000-0400,2025-09-07T01:45:19.540000-0400,75.0,QN,50.0,0.0,DEPARTMENT OF TRANSPORTATION,,PAS,0.0,25.0,LVN4557,0,0.0,NY,4962735238,PHTO SCHOOL ZN SPEED VIOLATION,,03:06A
2023-04-06T08:00:00.000000-0400,2023-04-17T16:16:29.150000-0400,0.0,MN,50.0,0.1,DEPARTMENT OF TRANSPORTATION,,OMT,75.04,25.0,T105133C,0,0.06,NY,4834721243,PHTO SCHOOL ZN SPEED VIOLATION,,09:46A
2024-12-17T10:00:00.000000-0500,2024-12-22T02:40:14.739000-0500,0.0,BX,50.0,0.0,DEPARTMENT OF TRANSPORTATION,,PAS,50.0,0.0,JEJ7608,0,0.0,NY,4930172706,PHTO SCHOOL ZN SPEED VIOLATION,,04:33P
2025-01-26T10:00:00.000000-0500,2025-02-02T02:42:39.622000-0500,0.0,QN,50.0,0.0,DEPARTMENT OF TRANSPORTATION,,PAS,75.0,25.0,MSD5726,0,0.0,PA,4935013552,PHTO SCHOOL ZN SPEED VIOLATION,,08:24P
2024-01-13T10:00:00.000000-0500,2024-01-28T02:37:05.728000-0500,27.77,BK,50.0,8.02,DEPARTMENT OF TRANSPORTATION,2024-04-11T04:00:00.000000-0400,PAS,55.25,25.0,QYYT33,0,0.0,FL,4881771267,PHTO SCHOOL ZN SPEED VIOLATION,,09:50P
2023-07-19T08:00:00.000000-0400,2023-07-30T01:36:00.433000-0400,0.0,QN,50.0,0.0,DEPARTMENT OF TRANSPORTATION,,PAS,75.0,25.0,LWC8201,0,0.0,PA,4852923152,PHTO SCHOOL ZN SPEED VIOLATION,,08:24P
2023-05-06T08:00:00.000000-0400,2023-05-20T09:16:38.807000-0400,0.0,QN,50.0,0.0,DEPARTMENT OF TRANSPORTATION,,PAS,50.0,0.0,HDY9486,0,0.0,NY,4840251939,PHTO SCHOOL ZN SPEED VIOLATION,,08:06A
2024-03-28T08:00:00.000000-0400,2024-04-07T01:47:04.240000-0400,0.0,ST,50.0,0.0,DEPARTMENT OF TRANSPORTATION,,PAS,75.0,25.0,D50UCF,0,0.0,NJ,4890971798,PHTO SCHOOL ZN SPEED VIOLATION,,04:13P
2025-08-16T08:00:00.000000-0400,2025-08-24T02:13:30.490000-0400,0.0,ST,50.0,0.0,DEPARTMENT OF TRANSPORTATION,,PAS,50.0,0.0,LVC5290,0,0.0,NY,4960816478,PHTO SCHOOL ZN SPEED VIOLATION,,07:47P
2024-01-31T10:00:00.000000-0500,2024-02-12T15:50:03.708000-0500,85.57,BK,50.0,10.57,DEPARTMENT OF TRANSPORTATION,2024-04-25T04:00:00.000000-0400,PAS,0.0,25.0,LVR5381,0,0.0,PA,4883486886,PHTO SCHOOL ZN SPEED VIOLATION,,05:52P
2023-03-26T08:00:00.000000-0400,2023-04-09T01:38:51.988000-0400,0.0,BX,50.0,0.0,DEPARTMENT OF TRANSPORTATION,,PAS,75.0,25.0,LAL9748,0,0.0,NY,4833389472,PHTO SCHOOL ZN SPEED VIOLATION,,01:15P
2024-04-28T08:00:00.000000-0400,2024-05-13T15:23:00.043000-0400,0.0,BK,50.0,0.0,DEPARTMENT OF TRANSPORTATION,,PAS,50.0,0.0,LDH8088,0,0.0,NY,4895567746,PHTO SCHOOL ZN SPEED VIOLATION,,12:34A
2023-01-25T10:00:00.000000-0500,2023-02-05T02:38:07.927000-0500,92.59,ST,50.0,17.59,DEPARTMENT OF TRANSPORTATION,,PAS,0.0,25.0,TVX7769,0,0.0,VA,4824176670,PHTO SCHOOL ZN SPEED VIOLATION,,06:48P
2024-01-06T10:00:00.000000-0500,2024-01-16T16:02:48.918000-0500,0.0,QN,50.0,0.0,DEPARTMENT OF TRANSPORTATION,,PAS,50.0,0.0,AP67747,0,0.0,CT,4880417336,PHTO SCHOOL ZN SPEED VIOLATION,,03:35P
2024-06-04T08:00:00.000000-0400,2024-06-17T21:39:14.872000-0400,0.0,BK,50.0,0.0,DEPARTMENT OF TRANSPORTATION,,COM,50.0,0.0,52307NB,0,0.0,NY,4900924775,PHTO SCHOOL ZN SPEED VIOLATION,,10:53A
2023-10-30T08:00:00.000000-0400,2023-11-05T01:31:39.402000-0500,0.0,BK,50.0,0.0,DEPARTMENT OF TRANSPORTATION,,PAS,50.0,0.0,KYU7814,0,0.0,NY,4870050067,PHTO SCHOOL ZN SPEED VIOLATION,,09:59P
2024-10-05T08:00:00.000000-0400,2024-10-20T01:40:16.986000-0400,0.0,BK,50.0,0.0,DEPARTMENT OF TRANSPORTATION,,PAS,50.0,0.0,SBZ4888,0,0.0,GA,4920701998,PHTO SCHOOL ZN SPEED VIOLATION,,03:35A
2024-05-03T08:00:00.000000-0400,2024-05-13T15:23:00.043000-0400,0.0,QN,50.0,0.0,DEPARTMENT OF TRANSPORTATION,,PAS,75.0,25.0,JRB6263,0,0.0,NY,4896370892,PHTO SCHOOL ZN SPEED VIOLATION,,10:21A
2025-06-26T08:00:00.000000-0400,2025-07-06T01:51:43.091000-0400,76.08,BX,50.0,1.08,DEPARTMENT OF TRANSPORTATION,,PAS,0.0,25.0,LLB8314,0,0.0,NY,4953436660,PHTO SCHOOL ZN SPEED VIOLATION,,06:51P
2024-01-11T10:00:00.000000-0500,2024-01-21T02:39:09.881000-0500,0.0,ST,50.0,3.9,DEPARTMENT OF TRANSPORTATION,2024-04-04T04:00:00.000000-0400,PAS,78.81,25.0,HSV6508,0,0.09,NY,4881387560,PHTO SCHOOL ZN SPEED VIOLATION,,02:19P
2023-06-03T08:00:00.000000-0400,2023-06-12T13:40:50.941000-0400,0.0,BK,50.0,13.0,DEPARTMENT OF TRANSPORTATION,2023-08-24T04:00:00.000000-0400,PAS,87.91,25.0,LBN3149,0,0.09,NY,4844222170,PHTO SCHOOL ZN SPEED VIOLATION,,01:40A
2025-07-19T08:00:00.000000-0400,2025-07-28T19:01:08.783000-0400,0.0,QN,50.0,0.0,DEPARTMENT OF TRANSPORTATION,,PAS,50.0,0.0,LLR8828,0,0.0,NY,4956977396,PHTO SCHOOL ZN SPEED VIOLATION,,03:12P
2024-01-09T10:00:00.000000-0500,2024-01-16T16:02:48.918000-0500,0.0,BK,50.0,0.0,DEPARTMENT OF TRANSPORTATION,,PAS,75.0,25.0,KDS5556,0,0.0,NY,4880927399,PHTO SCHOOL ZN SPEED VIOLATION,,11:57P
2023-06-28T08:00:00.000000-0400,2023-07-09T01:34:43.968000-0400,0.0,BK,50.0,3.03,DEPARTMENT OF TRANSPORTATION,2023-09-21T04:00:00.000000-0400,PAS,78.03,25.0,GUY1380,0,0.0,NY,4848594753,PHTO SCHOOL ZN SPEED VIOLATION,,10:17A
2023-07-23T08:00:00.000000-0400,2023-08-14T20:33:24.346000-0400,0.0,BK,50.0,0.0,DEPARTMENT OF TRANSPORTATION,,PAS,50.0,0.0,CWD6611,0,0.0,GA,4855455222,PHTO SCHOOL ZN SPEED VIOLATION,,02:59A
2024-11-23T10:00:00.000000-0500,2024-12-01T02:45:30.375000-0500,0.0,BK,50.0,0.0,DEPARTMENT OF TRANSPORTATION,,PAS,50.0,0.0,BBH3736,0,0.0,NY,4927036030,PHTO SCHOOL ZN SPEED VIOLATION,,10:14A
2023-08-08T08:00:00.000000-0400,2023-08-14T20:33:24.346000-0400,0.0,BX,50.0,1.02,DEPARTMENT OF TRANSPORTATION,,PAS,75.0,25.0,E43RBY,0,1.02,NJ,4856466240,PHTO SCHOOL ZN SPEED VIOLATION,HEARING ADJOURNMENT,04:59P
2025-10-31T08:00:00.000000-0400,2025-11-09T02:39:46.157000-0500,0.0,QN,50.0,0.0,DEPARTMENT OF TRANSPORTATION,,OMV,50.0,0.0,MBRVC226,0,0.0,NY,4970361873,PHTO SCHOOL ZN SPEED VIOLATION,,05:48P
2024-07-03T08:00:00.000000-0400,2024-07-14T01:35:50.204000-0400,0.0,BK,50.0,0.0,DEPARTMENT OF TRANSPORTATION,,PAS,50.0,0.0,LKY6981,0,0.0,NY,4905895250,PHTO SCHOOL ZN SPEED VIOLATION,,04:04P
2024-03-04T10:00:00.000000-0500,2024-03-12T15:55:29.443000-0400,0.0,QN,50.0,0.0,DEPARTMENT OF TRANSPORTATION,,OMT,75.0,25.0,T665118C,0,0.0,NY,4887537608,PHTO SCHOOL ZN SPEED VIOLATION,,04:15A
2025-02-08T10:00:00.000000-0500,2025-02-16T02:38:38.203000-0500,0.0,QN,50.0,0.0,DEPARTMENT OF TRANSPORTATION,,PAS,50.0,0.0,JBD4057,0,0.0,NY,4936517940,PHTO SCHOOL ZN SPEED VIOLATION,,01:25P
2025-07-17T08:00:00.000000-0400,2025-07-28T19:01:08.783000-0400,0.0,QN,50.0,0.0,DEPARTMENT OF TRANSPORTATION,,PAS,50.0,0.0,JRU4730,0,0.0,NY,4956601876,PHTO SCHOOL ZN SPEED VIOLATION,,11:42A
